,Battle_Tag
0,Morellio-1416
1,Zinux-1251
2,BluePillow-21338
3,Miyuna-21516
4,Mood-21538
5,Hunter18112-1984
6,Yoda-22377
7,Zugzug-1342
8,Ne0x-2676
9,TimeToShine-21533
10,Okay-11514
11,Delta021-1534
12,Nessi-11637
13,FireAlpha-2225
14,NateMaster-11517
15,Varskull-2424
16,Cheloux-2153
17,jackattack40-1398
18,Myth-12545
19,Legendary-14292
20,Transversal-11549
21,JCTheAllStar-1792
22,WODwarrior-1746
23,Deathbed-1368
24,Dudezo-1756
25,PinkWeasel-21707
26,BalloonCake-1933
27,Wotton-11398
28,DocBGood-1806
29,Cyr-2925
30,chrome-12941
31,Kosmos-11882
32,Ciezan-1665
33,okkokk-1493
34,CLLOYD006-1672
35,Emixam-21653
36,TricklyTrash-1993
37,SORA-3954
38,RAINBOW-31376
39,Oskuxan-2477
40,Lymulis-1262
41,paladins-21183
42,doodoonesbit-1512
43,Threshish-1867
44,milksgonebad-1890
45,Bajas-21522
46,Zasc-2467
47,Glockoma-11768
48,Ambientto-1436
49,Teabagged-11596
50,Talbotson-1651
51,sora-32523
52,SukZ-2483
53,Spooky-12432
54,Spirit-12621
55,MemeDealer-11248
56,CarlWheezer-11623
57,wK0BRAw-21394
58,MilkMonsta-2693
59,scootypooty-21864
60,KingMaerko-2424
61,DapperRosè-1905
62,Lizzy-21415
63,LiLFearless-2135
64,DrYaT-11365
65,Cation-21307
66,asperin321-21386
67,The64BitWolf-2644
68,water-3459
69,Floofmister-1203
70,Aska-21320
71,Stumpsta-2683
72,Idoknow-1739
73,Senile-11839
74,Mirishikiari-2387
75,TEXXAAS-1623
76,Byakko-21809
77,shiva-2306
78,Furious-21734
79,brz-21414
80,Dashper-2649
81,Black-13166
82,発情-1874
83,SendNoodles-2546
84,necatgod-2982
85,mesrine06-3342
86,Madshyre-2152
87,Wisonton-2949
88,superduper-11495
89,Nayte-1332
90,BigBird69-11782
91,믹키복국-3682
92,CelestialAri-1597
93,OuSsLeKiKoU-2594
94,Adde58-21341
95,Wïnter-1474
96,EGG-2252
97,CodeRed-11747
98,Comex78-2455
99,DAMN-31920
100,EyeHunt-2806
101,UrmaGurd-2700
102,T3mp-11347
103,ShadowStorm-1157861
104,JankoBahn-2788
105,ZeroTwo-21952
106,Elodin-2289
107,Celestia-11345
108,Final-11180
109,Wolvez-11900
110,Duck-22365
111,Had0u-2632
112,mememeister-21825
113,HappyPanda-11182
114,TRACER-31344
115,TheLegend27-21459
116,ThrowYatta-2929
117,DerpSkittles-1829
118,MEI-32127
119,Lunchb0x-1462
120,Sandra-22412
121,Darkness-25657
122,m3rcury-21233
123,Ryujehong-31413
124,DK745-1422
125,Lustboy-11588
126,Neopolitan-21200
127,Assassin-32157
128,Sparklegem-2388
129,Failurebot-1568
130,Selkcit-1116
131,Tanker-31615
132,Undeadbanana-1110
133,Addison-11956
134,Hypnotic-11510
135,kalicki-1812
136,Kestrel-21340
137,Olexiy-1856
138,Guts-21367
139,MPRF12345-2372
140,Turin-1313
141,MJHGenesis-1510
142,ChoiJunhong-1789
143,POPersia-2346
144,BaitoBox-1187
145,Luciana-11752
146,Rod-1486
147,jzono1-2984
148,Strix-11834
149,Taiga-21310
150,Eham-11702
151,MaxyKang-1149
152,Zyama-2709
153,nagha-2254
154,Percival-12478
155,facucu-2529
156,지존-32507
157,Alex-114802
158,Splashx-2930
159,Deku-21602
160,BLADE-31468
161,Lettu-21638
162,JonTanti-2411
163,BittahPupil-11197
164,Hybr1D-3122
165,Jelygoll-2884
166,Leviathan-13922
167,Duellmite-1554
168,painplusplus-1491
169,Permafrost-21680
170,Gorilla-11376
171,rad1m-2478
172,Jwyn-11191
173,NerfThis-11899
174,JjUuxX-1529
175,Bratwurst-21560
176,simosaurus-11401
177,Cloud-16673
178,MissWayne-21406
179,Headstrong-1611
180,XyFy-21823
181,Tatemin-1201
182,Mercy-16652
183,SheydDead-2133
184,Raptor-24720
185,K0NG-11647
186,Dinohappy-2432
187,Kecske-22536
188,drippsy-2594
189,R013X-1933
190,Zinnia-11575
191,Nomik42-2562
192,Thisguy-11808
193,lick10-2396
194,Daunted-21301
195,HAGGAS-6678
196,SeeMonkeys-1170
197,W33SY-2187
198,Shaddy-2715
199,rmaaaz-1625
200,Lacuna-21325
201,lillylindah-1859
202,tomerari-2783
203,SmugLilac-1694
204,Legend-3226
205,Sty1z-2467
206,JuicyMelons-21284
207,Lies-21395
208,DizzyDwarf-214749
209,unlocked-21304
210,Donate-11679
211,Magnus-23241
212,toughtguy-2248
213,MEI-32129
214,MERCYMAINBTW-2196
215,Foxtrot-12434
216,Exorcist-11589
217,Malfurion-22191
218,Rivero-2955
219,mrme09-1259
220,BattleMercy-2821
221,tehZevo-11946
222,Odexcily-1550
223,Hades-13609
224,Arcturis-1931
225,Thunder-14734
226,LegendofJuli-1647
227,Mahoostakai-2971
228,Inferno-13845
229,Silverbane-11320
230,Myuex-11186
231,비케이-31792
232,Dirmethodes-1818
233,EJaycool-1635
234,EFFECT-31691
235,Miner7835-2924
236,Fendi-2462
237,ali-26530
238,Black-24977
239,BoomPlayz-1156
240,lucas-26568
241,Phantos-11117
242,trace-12558
243,Bomboncito-1959
244,Goose-13750
245,Loukas420-2541
246,EpicalHD-2996
247,Dirty-11534
248,SirDisaster-21465
249,AFlyingLlama-11896
250,Doinks-11842
251,Barcode-31600
252,Chillie-1120
253,SADO-21380
254,ImDirtyDan-11161
255,Patlock-2438
256,MrArTHuRuS-2585
257,CalebAvRe-1734
258,Darkdevs-11590
259,Losik-21699
260,Mattewkon-2968
261,mcpancho45-1532
262,Kenzo-22123
263,B1ue-11666
264,Imjustapie-1234
265,Robo-11782
266,Wulfe-21261
267,AuraSp1ke-1666
268,Fr33H0NGK0NG-2476
269,Alerion-2683
270,BlackCat-22372
271,Jay-25184
272,PoetFox-11612
273,TaFFo-2711
274,GÜNTHER-11544
275,JellyBean-12665
276,Westsoup-2408
277,Kirito564-11911
278,Strayhat627-2850
279,fabitooco-1320
280,freakonat-1776
281,TerraAntica-2374
282,Vanorus-21733
283,Xastron-2598
284,Barneyy-1614
285,Veroable-1403
286,SpaceCatt-2376
287,Cody-14187
288,Bridek-21870
289,WRAXU-3358
290,Sam-21632
291,Nick-27492
292,Tsukki-11135
293,Rickysaucey-2271
294,alex-118505
295,MALMAL-1318
296,lerohi-2541
297,Lol-21258
298,MrRandomness-1621
299,China-12123
300,EBaunsworth-1207
301,GranyTsunade-1974
302,MIKA-31332
303,TorbsTickler-1997
304,ARelaxedFish-1671
305,neverLUCKY-11986
306,ASHS-1640
307,Fastmedic-1820
308,LapinouBisou-2450
309,Ezaki-11234
310,SnowShow-1531
311,Phizz-21764
312,Luriam-1757
313,BudgetJJoNak-1267
314,Trithon-2349
315,Bombaclaat-21366
316,D3myx-1412
317,Mod3rn-21548
318,Dirtehy-1452
319,DangerNoodle-11799
320,Ramen1529-2144
321,Kilo-11742
322,mei-12102
323,MFWIN-11646
324,Computer-1854
325,BlueBunny-21128
326,jobbers831-2511
327,NENZOO-2145
328,Gijitamriko-2590
329,Kathrin-2392
330,Knastonaut-21658
331,RaveLlama-11110
332,YOLOSWAGFAM-1874
333,JangoDoge-1225
334,KobyKat-11549
335,Mickey-2450
336,Beh-21589
337,Stijatel-2535
338,Jigen90-2942
339,Qurqu-2454
340,Psecthye-2819
341,ryujehong-31885
342,DocDwalin-2968
343,ZYHHHHHHHH-1726
344,February-31976
345,Cirava-1657
346,ven0m-21637
347,CatDog-21377
348,prettypistol-1251
349,dang3r-11192
350,deadmemesFTW-1311
351,wittyuser-11133
352,KishibeRohan-2713
353,SimleZ-21694
354,WildPants-112576
355,Ghilo-21106
356,TaraJade-11761
357,Zebra-1768
358,Annie-22931
359,A7XViper-1268
360,Vyxilinn-1258
361,BrigYEETa-1794
362,Ziggchiller-2424
363,nkobra-21415
364,Dandroid-11783
365,Mystery-11546
366,qDario-2638
367,Skew-21416
368,MagicPants-213321
369,bambam-21776
370,toughVader-2645
371,ViceRoyVenom-1631
372,Force-11161
373,help-11416
374,ryat-21630
375,Godspeed-21277
376,Akko-21686
377,Karr-1165
378,SpankAvocado-2720
379,ZackWarfare-1580
380,TanteNichon-1437
381,BigDaddy-22272
382,PWCore-1267
383,PCpla-2563
384,BreakFast-11862
385,Aris-12538
386,Argos-2977
387,ChickenLil-11717
388,Zesar-1793
389,aidanheat-1766
390,CoolFrog-2770
391,Attacler-2292
392,Moronlad-1949
393,Fade-12532
394,Mei-31112
395,Orionz-21692
396,BrookerBear-1577
397,Slan-31703
398,MortKz-2469
399,ReaperHaven-1656
400,Rice9701-1701
401,Liltank-11690
402,Prime-12564
403,HigHstem-2101
404,DoctorĀ-2695
405,Pawzz-1116
406,sleep-21261
407,darkm0de-2150
408,Hengzzz-1197
409,Regalia-21518
410,MIRO-31166
411,LUCIO-31987
412,Twitchy-1838
413,Rovu-21231
414,LaiRS-11800
415,Faint-2788
416,ǍŜPĦŶXƗȀ-2632
417,Darkcyprus-1429
418,YOURSELF-11433
419,Zauced-1797
420,TeMpt-11522
421,DJhoDoc11-1784
422,Bum-12306
423,XNAL3MWX-2366
424,Rheora-2331
425,Rickvdmeyyy-2782
426,SgtSpeedy-2353
427,AWOKENGOLDY-2144
428,SoftCorgi-2616
429,DudeBro-11870
430,Kenshin-12318
431,boolin-11437
432,HighHeals-11192
433,XTRON-11725
434,BALE-31400
435,FireWizard-11620
436,TerraWalker-11539
437,Saltric-11623
438,BlindBandit-21766
439,Crywing-2409
440,nice-2335
441,Burpyperpy-1371
442,KnuckleBob-11435
443,Macbeth-2664
444,Marow-11487
445,Exils-2214
446,Nimring-2534
447,Reed-21567
448,QuavoSensei-1416
449,KevTheKoala-1766
450,Erasing-1370
451,BanFly-2537
452,Rammion-11475
453,Andrew-1661
454,Brohimo-1895
455,Upright-1216
456,Monocratic-1249
457,ICEWALK-11233
458,solidtrooper-1292
459,Onni888-2754
460,Howeezzy-1398
461,JLSchofield-2567
462,Soloblade-1768
463,SaiNotPsy-2691
464,shruja-1162
465,swooby-11186
466,PvP-11100
467,Sushibob-1695
468,GooseyGander-21904
469,Xire-2253
470,Medicine-11700
471,Kyle-16316
472,Ongaar-1705
473,Umpa-21306
474,WildWolf-224927
475,SavageFilth-1934
476,ThisAintBob-2283
477,MStranger-21833
478,Quadril-1114
479,Hacksign-11556
480,Krisp-21202
481,KastriTsan-2580
482,NoYou2-2394
483,BabyRein-2689
484,Dovahkitten-2379
485,Flaboogle-1669
486,BAZZAGAZZA-2518
487,CrazyShadow-21580
488,Evottoman-1134
489,Syuro-2738
490,JET-22833
491,FULLOFHELL-11300
492,Mimic-11379
493,Ninjabossbro-1642
494,PointLess-21593
495,Spells38-2978
496,TPPH-21540
497,Zero-118558
498,Connecting-11336
499,DogOTronMK1-1154
500,TheProfessor-11474
501,BlueJaguar-11253
502,LordItachi-11656
503,Tyche-11882
504,WozwalD-2881
505,GeiNeega-2635
506,Sk1LL0-1164
507,Rastical-1200
508,Thanatok-2314
509,thegreatgila-1486
510,WolfFangFist-11317
511,Near-11421
512,lIlVibeslIl-2939
513,Gucci-11308
514,MooseMunch-11132
515,CaRLeSGo-2550
516,Geny-21909
517,PurpleAster-1857
518,Stacey-4483
519,datboii86-1619
520,FrozenToilet-11872
521,Shakti-1500
522,wotwow-2734
523,Autonomy-11175
524,NeiLo-21125
525,Horddus-1868
526,ReDo-11788
527,MAIN-11280
528,Lyreen-1122
529,Billyfun4-1321
530,BabySquib-1123
531,MIRAGE-22984
532,Sixowe-1740
533,Seekay-1489
534,Eru-21826
535,Kabiri-11597
536,Dboy-11352
537,IvanTheGr8-1559
538,Jeydon-1346
539,SchnellJunge-1559
540,WorldXI-3407
541,CapsLock-12112
542,Zork-21195
543,iddomarks-2368
544,Mobu-21513
545,BrittleBunch-1271
546,Squilter-21876
547,DaethChanter-1524
548,HanaSong-2556
549,Ecoe-2680
550,NoWay-21876
551,Ranger-1165
552,Muse-4514
553,xXSailorXx-11709
554,Lara-22267
555,Fartdumpster-1478
556,livwel-1854
557,Sanhe-2694
558,Menkai-2175
559,Mau4mo-2456
560,DownrightDan-11465
561,FoboJack-2227
562,EvilSlayer-11705
563,VIVI-11482
564,Hexanoon-2318
565,Craven-11727
566,Ordy-11119
567,Splin-2122
568,Sketchy-11229
569,COBALTEZ-1389
570,Miryou-21933
571,BitCoinBoi-2682
572,Melibellule-2553
573,EmpTy-11632
574,Natsu-14147
575,babubabu-31473
576,MrTzuo-1358
577,kcboy23-1186
578,Maxwell-12692
579,MamboNo5-11480
580,stixy-21729
581,Silent-1581
582,Aeropera-1980
583,WhatTheFrog-21642
584,GoldenEye-21416
585,LittleBuddy-11283
586,mydadleftme-2459
587,Jenni-11920
588,hxxd-11203
589,Jarne-21900
590,TAIWANLAMBO1-1193
591,nevix-21602
592,TrojkaGreen-2432
593,Quaccz-2719
594,Cracked-11740
595,False-1682
596,Brainafk-21917
597,Choochooshoe-21412
598,Kentai-21400
599,SakeMadaMada-1579
600,Daru-1311
601,Jjenny-2675
602,white00007-1179
603,NOPE-21194
604,SLT4LYFE-1722
605,Dropshock-11353
606,PlatanoNegro-1454
607,Thanoscar-1345
608,BlitzBolt39-1709
609,Xelone-2260
610,Joonamus-21248
611,RoosterKaw-1133
612,GVJ-11238
613,water-12291
614,Attorneysayn-1268
615,Denma-3888
616,XAv-11580
617,Lemur-11194
618,Eternity-22753
619,Meijor-1953
620,Housekeys-11698
621,Citizen-11588
622,Cersei-21739
623,egirl-11282
624,ObsonOP-1153
625,CROWN-11184
626,HowTall-1356
627,KENZO-32649
628,Ori-11426
629,STORROR-21841
630,BL4DEoFSouL-1366
631,pukefacecat-1647
632,Siedhr-1250
633,TechnoVkng23-1187
634,MonsteRacoon-2986
635,DakuSeiko-2275
636,Feline-1319
637,QuirkyTurtle-2995
638,SeekNDstroy-21757
639,Har0ld-21943
640,Nero-21827
641,ReversI-11821
642,StarSwayer-1746
643,Gorriona-21968
644,dSell-11946
645,LaCaym-2584
646,MUSELK-21665
647,Pahnda-1555
648,REDRACER-3879
649,Nemo-23611
650,Doracin-2354
651,JetStorm-1982
652,Reckter-1527
653,PvPtwitch-2991
654,Morgulis-11567
655,Kitty-24377
656,Maibee-2582
657,Jiose-1121
658,Progn-1892
659,Ischozar-2860
660,Mechromancer-21474
661,Hima-21822
662,Loserfruit-21779
663,Ronsau2018-2444
664,Penguin-22896
665,Scarsy-1532
666,FURY-31982
667,Skyfighter64-21114
668,Pakman-11739
669,Poetz-1321
670,AlphaXeno-1624
671,Jungkookie-11889
672,garyglitta-1231
673,exe-11586
674,Justin-17293
675,memecreator-2836
676,RedGoose-11931
677,TDN-11705
678,Davu-11798
679,Shredda-2316
680,AverageJoe-21875
681,nadav1283-21665
682,Silver-24519
683,Collapse-11712
684,Razse-21353
685,Kimzo-11577
686,Xeanix-21899
687,DeleteBrig-1530
688,DrAce-11521
689,Ogarius-21498
690,scoreleyx-1755
691,bmwmb1-1363
692,MuffinMan-12434
693,Rebelmif-2733
694,FoddeR-1665
695,ZachZ-11421
696,Pinoci-2504
697,MiniNinja-234880
698,SleepyBear-115623
699,Fol-21649
700,TrolliNolli-1689
701,Atom4399-1687
702,TwoStressed-2845
703,Bech-11985
704,데린이-3667
705,Sassy-2166
706,Memb3r-2970
707,Skomo-1566
708,Aluken-11470
709,JoeThe3-1875
710,ImEdible-21436
711,Aluudon-2974
712,Glacen-2673
713,ASUNA-31481
714,Khoro-2844
715,Jenesis-11905
716,Kitten-12431
717,Bread-12643
718,Viktor-1746
719,Snek-4505
720,okay-11231
721,Parkour-1173
722,Hydrad-1872
723,Vico-21884
724,Prodigy-12898
725,kietai-2328
726,Nessy-21104
727,MoMo-14985
728,Pipit-11269
729,Banana-12229
730,WinstonOp-2441
731,Ramen-11185
732,Gandalf-24268
733,Ziscko-2913
734,OverClocked-11409
735,Dudumaffi-1144
736,Complextro-1886
737,Clev-21354
738,BigBrother9-2875
739,Greed-1955
740,DeimosCZ-2149
741,Flummox-11612
742,Ozziv-2290
743,unit-21611
744,Zeno-21468
745,Obi-21825
746,memelord-11963
747,LauraRuby-2255
748,Azazel-14428
749,dliwehtotni-1458
750,SAYA-31470
751,Zylex-11462
752,Lunar-22338
753,ItsnotLuck-11200
754,EEkO-11568
755,Destroyer12-21728
756,Jaitoko-1530
757,ardillon-11424
758,Ace-16231
759,Drizzle-11917
760,nonmasri2-1748
761,Razubi-1298
762,Wildcard-11708
763,Banshee-21157
764,MAGA95REGION-2508
765,C4osB-1944
766,depression-21975
767,Shniper-1461
768,Jaxs-11498
769,ares33-21668
770,EnvisioniZe-2713
771,woff-21927
772,bigrigjoe-1594
773,Pandaa-21622
774,benD-2378
775,duartrex-1490
776,Haywire-11260
777,HeyMarseille-1117
778,ReformedGod-2152
779,vlad-212606
780,toolbear-1169
781,WhyYouSoCute-2382
782,Ray-12168
783,QED-11757
784,Smitty-1877
785,WorstMercy-1881
786,Hyyper-11561
787,Sorrento-11595
788,QSE-21359
789,ZeroHP-21706
790,FreeCalories-1851
791,Cheesus-21644
792,BlizzardZx-1767
793,やさしさ-11733
794,owISfun-1774
795,Saucey-11485
796,Don-31182
797,DeNisSL-2287
798,Astro-21386
799,CapnFletch-1819
800,Mouse-22443
801,L4ZY-21372
802,JoTheBro88-1378
803,PEAKE-11180
804,Stampy-11519
805,Dinkiwhirl-2421
806,mangydawg-2979
807,NEZUKO-11967
808,ReformedGod-2281
809,PinoColada-1651
810,Dokuro-21489
811,MasterOogway-21710
812,Eugene-3519
813,Kai-21821
814,GucciJeans-1773
815,Dawningdevil-2468
816,Wako-21977
817,Alucard-16245
818,Allylove133-1394
819,JonSnuw-1266
820,DoomSlayer-21961
821,CULTure-11416
822,TweakingHard-1946
823,Eagalus-2860
824,QWERTY-12292
825,Sk8terCat-2406
826,ACCURACY-21898
827,WHYUMAD-21985
828,dogs-11791
829,ȄdwaȐd-2214
830,Ronin-12127
831,Frosty-24730
832,despacito-1961
833,ScubaSteve-11311
834,toumi7-2805
835,Humid-11108
836,Kyuso-21706
837,CoolScoots-1233
838,jlau-11883
839,김재원-31744
840,kasp122-2524
841,ветчина-21787
842,sunnyd-11552
843,SAGE-12110
844,FUNTASTIC-21295
845,sciz4point0-1926
846,yup-11417
847,peepo-11100
848,Zedee-1348
849,wristbump-1734
850,Pexidus-2264
851,FuzionVizion-1695
852,ryujehong-31878
853,hoppin-11390
854,GreenThyme-1155
855,blink-12164
856,Luvkip-1249
857,PƐNNY4URTHOT-1808
858,Excavy-1857
859,Vash-12369
860,McLovin-1812
861,TheUberMiko-2464
862,WRECKINKRU2K-2778
863,Joker-211207
864,Frewiel-2308
865,Vexua-2492
866,Hus-11365
867,Liek-11404
868,Nucl3ar-11416
869,Seagull-1894
870,AvAtAr-22131
871,ĬŗǿŋĄȋđŝ-2464
872,retnuh-11327
873,WarriorGuigo-2359
874,Horchata-11570
875,PrinceCats-1135
876,Greatestguy-11358
877,J3sus-11941
878,zhaipaa-2922
879,Bezpalivo-2209
880,Peittomies-2105
881,Streamer-11791
882,Neskimo-11678
883,Khry-11982
884,Mahizzta-2162
885,Tanner-12656
886,BoneCrusher9-11987
887,R3M1X-21356
888,zYKK-21235
889,Agonius-1335
890,Lum-11478
891,Monjin-21534
892,Forestfire-21268
893,Chadddd-11396
894,bananademon1-11357
895,Tsukuyomi-11135
896,OBEY-22200
897,Anto-11103
898,momiwantcake-1219
899,Epzz-2588
900,TYRQ-11199
901,sucrax-2464
902,MKL-21123
903,QueenB-21343
904,BigShatter-21801
905,NaCly-11321
906,Vos-3414
907,HOP-11496
908,Tortelloni-1411
909,Skalbürg-2362
910,Shimada-21859
911,Stíle-2351
912,Clementine-21857
913,QuickShot-1778
914,Enhancement-11916
915,David-13149
916,Searchy-1112
917,Hyung-11409
918,riseuplights-1198
919,SmashMouth-11969
920,Akimata-1165
921,MrPuremoney-1245
922,RutgersChad-1289
923,Shinobi-12796
924,Continuum-11768
925,Dman-12112
926,Jofi-21627
927,KungFuCarl-11371
928,Powerz-21660
929,POISOŊǃ-2409
930,UPE-31577
931,Seedro-11845
932,Laclima-1248
933,ENDLESS-21578
934,Henners-2887
935,Pehmil-2821
936,iFuw-2161
937,Kell-11975
938,Dunzo-11263
939,Thyme-11683
940,Luu-12105
941,NoAimNoBrain-2446
942,Vyolent-11698
943,ǂŜǞĿŦMȊŊƐŜǂ-2258
944,hush-31139
945,Spades-1244
946,Ridder-21198
947,빵피스트-3996
948,Vex-12287
949,Ēsketit-1977
950,OkaZaKi-11245
951,MediL-21398
952,귀신룡-31977
953,Ele-21518
954,LuckyTiger-126517
955,Apple-22765
956,kitsuka-21926
957,DaddyJeff-1332
958,GamingFlame-11795
959,who-11628
960,Ole-22815
961,izAvenge-1883
962,MightySnake-21282
963,Boo-12918
964,JANNEKATAJA-2451
965,Darkartas-21273
966,XH3dxSh0tX-1701
967,Brandini-2346
968,P0ndaa-2203
969,Leum-11234
970,MONKEYnBOY91-2963
971,BudgetML7-1985
972,KHaaLiD-21188
973,ABZZ5755c-1573
974,Joe-16928
975,Leiðinlegur-2172
976,IZgerTe1-1428
977,EcHo-12739
978,Specs-11360
979,MOONLIGHT-23356
980,sweetz0r-2457
981,ForSure-11879
982,Avacyn-11969
983,austin-14255
984,Tuckerrz-2116
985,Shortypops-2640
986,Torby-21810
987,ALKAID17-1102
988,Riz-21260
989,Dino-12114
990,Silenz-1460
991,Spatula-11993
992,Rady-2531
993,ǱǊǱǊǱǊǱǊǱǊǱǊ-1262
994,Calm-11526
995,xiveN-21868
996,Yimitra-1976
997,Dashy-11525
998,Mage-11849
999,sab-21959
1000,Dafran-21715
1001,Skiesti-1721
1002,RuloRulzZ-1174
1003,ĐunKZ-1617
1004,Tarty-21198
1005,ECKSDEE-21196
1006,Polly-21263
1007,Erki-21753
1008,OstrichLover-21684
1009,Rely-31672
1010,nani-11773
1011,Kallari-1951
1012,Virral-11431
1013,OneHugeLoad-2537
1014,Ǵodarra-2431
1015,Mob-11100
1016,Neon-12513
1017,Üdderly-1679
1018,CQB-4606
1019,ChoccyMilk-2185
1020,PvP-11227
1021,Ball-21102
1022,Closer-31493
1023,Poko-2195
1024,markkiller57-1372
1025,Anxiety-21111
1026,Chubz-21363
1027,Frenchy-12312
1028,mL10-21445
1029,EXPLORER-21395
1030,Harbleu-11647
1031,Stadium-11131
1032,Skairipa-2655
1033,prinkle-1644
1034,EgZo-21136
1035,Calvin-1337
1036,Night-12943
1037,Skyver-11497
1038,Dove-11103
1039,hakkee-2443
1040,rhysk-11357
1041,Draven-2477
1042,simpleFnK-2122
1043,TheTattooDad-1345
1044,Gamsu-31516
1045,Aspen-11749
1046,Cookie084-2224
1047,누구세요-31779
1048,SoSucre-2795
1049,Abbs-2788
1050,Churro-11840
1051,Crispy-11531
1052,Kayjii-2642
1053,Bimbz-2859
1054,Azzo-21112
1055,K10-11719
1056,JohnSinan-2266
1057,Pummy-11925
1058,HPG-21896
1059,Loio-21787
1060,DEATHKILLER4-21655
1061,Awzey-2956
1062,PenguinNinja-21773
1063,Vlaism-1429
1064,CyberSnip-1619
1065,ILILIILILI-4922
1066,YumStaleBred-1544
1067,lolztehtroll-11205
1068,Alias-11142
1069,Wub-11371
1070,Love-15178
1071,neil-12513
1072,DarTheDerp-21147
1073,hunimana-2893
1074,ZaffyPoo-1655
1075,Royal-21621
1076,Vonethil-2761
1077,NANO-22293
1078,Jolly-21138
1079,Symmetroll-2434
1080,neris-21448
1081,Sam-112374
1082,woo-11769
1083,ONETAPMAN-11914
1084,æøåæøåæøåæøå-1697
1085,Euan-21673
1086,LateYoung-4770
1087,TsuNà-2555
1088,FRANA-11639
1089,Daco-11404
1090,zakiir-21850
1091,Merz-2601
1092,Jswinbu-2428
1093,Jacobfinn123-2754
1094,Escape-22941
1095,Banks-11810
1096,JSugarPapa-1291
1097,ShRedLock-11258
1098,Dank-11478
1099,moursi-2870
1100,Kekbondi-2563
1101,SPICE-11214
1102,M3WS-2412
1103,EFFECT-31630
1104,HyP-2791
1105,SugarFree-11755
1106,Forgiving-1127
1107,kraandop-2574
1108,Kioz0m-1455
1109,SPACE-12232
1110,ManGoJai-4164
1111,Fire-1703
1112,carpe-31193
1113,rCk-21798
1114,Frostedd-11796
1115,Linnou-2165
1116,Lime-21162
1117,rapel-31377
1118,Hybrid-22605
1119,ColourHex-11764
1120,Trispear-2233
1121,WHO-31724
1122,Mozser-1605
1123,Surefour-2559
1124,Silvoc-1460
1125,Glacial-11248
1126,TrapLock-1176
1127,emongg-11180
1128,Masaa-1182
1129,FthisSiMoUt-1832
1130,Mac-13388
1131,Dalphan-11159
1132,Twinkle-1642
1133,Alw122001-1653
1134,Nin-11379
1135,yeahright-11802
1136,abicdefg-1472
1137,Oxitide-1991
1138,Goshaaz-1390
1139,SlowYoRole-1952
1140,Borium-11707
1141,MrTime-11341
1142,Nytsura-1147
1143,AWM-11299
1144,garenop-1991
1145,Prime-22270
1146,BigMouth-11974
1147,Abtin-11716
1148,ｓｈｕｎｎｅｄ！-1159
1149,MEEKINS-11575
1150,camboyo-1939
1151,EZKATKA-21661
1152,KariV-31768
1153,jack22-11757
1154,Shuh-21910
1155,Shadowburn-11600
1156,Naga-22790
1157,JinMu-4322
1158,skies-21116
1159,freNoc-1537
1160,Ronix-2613
1161,Leaf-2425
1162,POGCHAMP-3112
1163,Zbrbr-2214
1164,Yoshio-2798
1165,EchoFlex-1763
1166,Fusions-2559
1167,cykosys-11948
1168,칼합당왜놀러씨-3271
1169,CrusaDe-1188
1170,Exode-11535
1171,SupaSoldier-21953
1172,Miro-31858
1173,Lab-11706
1174,Forgiven-11111
1175,Zerggy-21777
1176,Horthic-21496
1177,Zeerocious-1305
1178,FunnyAstro-2570
1179,GAO-11884
1180,raxiz-11663
1181,Huge-21901
1182,TrySoft-2918
1183,Revdar-2674
1184,Frayu1600-2528
1185,Momo-16829
1186,uNKOE-2828
1187,iRemiix-1650
1188,Swimmer-11324
1189,Haksal-31524
1190,Feezdog-2760
1191,mL12-21728
1192,TOPDRAGON-31753
1193,sayaplayer-3747
1194,cyx-11780
1195,mL13-21613
1196,Phi-21670
1197,Wayfast-2745
1198,SFX-21301
1199,lhcloudy-2273
1200,Edinn-21302
1201,DanneddOTP-2745
1202,Rady2-2634
1203,Nobunaga-11187
1204,Geguri-31531
1205,JIQIREN-4852
1206,LVLZ-31366
1207,PrimeSubAqua-1247
1208,SirMajed-2498
1209,Koo-21961
1210,GiG-11252
1211,DSPSTANKY-2587
1212,mL9-21337
1213,Sensotix-2687
1214,nohearu-1272
1215,Yythgim-2569
1216,Luux-21470
1217,Supreme-12229
1218,Clowd-21153
1219,Switch-12852
1220,yuno-4746
1221,JarJarDinks-11623
1222,Jerry-13256
1223,Akawa-11298
1224,Bark-11441
1225,Regalia-11271
1226,Adam-15528
1227,KSAA-21785
1228,Trill-11167
1229,ZWEE-11779
1230,Asking-21723
1231,Paintbrush-11497
1232,MBW-11383
1233,Fate-32605
1234,Molf1g-2494
1235,Ricky-22536
1236,HOTBA-31330
1237,nice2hookyou-2689
1238,Cohesion-11962
1239,Mauffin-1119
1240,UnFunnyAstro-2744
1241,MagicienDose-2263
1242,Decod-2801
1243,lucer-2360
1244,Meuffin-1603
1245,Hadi-21642
1246,Ojee-11919
1247,빡겜유저이재곤-3108
1248,Arrge-2411
1249,Shade-22309
1250,rugob-21283
1251,DIMITRI-11493
1252,SZNS-1369
1253,SoOn-2543
1254,Yeatle-1465
1255,lucerr-2628
1256,dpei-11666
1257,LexiBurdell-1899
1258,Brutal-11558
1259,F4zE-3714
1260,Hawk-1368
1261,WinterWalker-1854
1262,Cloneman19-1524
1263,elmuskrat-1595
1264,caatabatic-1843
1265,sorceN-21753
1266,fogibear-1924
1267,Dewwek-1670
1268,Verfos-2606
1269,SwaggyTurtle-11677
1270,Chopper-11745
1271,LINFFF-2369
1272,Leum-11363
1273,Hcpeful-1766
1274,Logic-21473
1275,Jaden-21198
1276,Adnar-2844
1277,Minato-22155
1278,BLAD3R-3163
1279,Figo-21422
1280,Devilswill-1483
1281,ChipSa-21440
1282,Jason-23312
1283,Alw-11752
1284,Piglet-2819
1285,FKQ-2839
1286,NeverMore-12817
1287,Blinky-11629
1288,Benn-1724
1289,McLeo-21950
1290,Blu-12624
1291,Sycaplayer-2555
1292,CNMNE-11431
1293,Rene-22616
1294,KCTHICC-1200
1295,halfdead-11154
1296,ddx-11435
1297,Forsen-21274
1298,BCrowness-21760
1299,CUCUBAU-1726
1300,Avenue-11746
1301,Aeko-11301
1302,numlocked-21330
1303,Helv-21725
1304,Sodipops-2892
1305,Sobek-21603
1306,Insomniaq-1945
1307,BatmanNova-11435
1308,Endure-21949
1309,Wozwald-2624
1310,MiniVale-2463
1311,Aequuce-2241
1312,LittleFlame-2818
1313,Azee-2333
1314,ChiLongQua-11756
1315,carpe-31483
1316,Casiopaya-21838
1317,Art-23858
1318,DrMartens-21254
1319,YexelA-21706
1320,Selrak-11151
1321,cherryflower-11549
1322,Jinggg-11793
1323,BlueX-2474
1324,Tucker-11640
1325,Bello-11233
1326,Peter-26556
1327,Txao8-2676
1328,Bdosin-1613
1329,Smex-21111
1330,mycrazycat-1884
1331,Ayako-11428
1332,Theomatic-21780
1333,xHM-11556
1334,Fitzyhere-1294
1335,Zupperman-21406
1336,Seiichi-21782
1337,Elric-22222
1338,Ayez-1127
1339,Qwerty-12347
1340,ALRIGHT-11424
1341,xqciniran-1126
1342,X1AN-21758
1343,ToastE-21859
1344,Jona-2933
1345,daanS-21336
1346,Rappido-2767
1347,ReYaN-21903
1348,Carrotz-11238
1349,T0rch808-1998
1350,valen-11986
1351,Wolfnova-11900
1352,DUENDECONKER-1356
1353,Peacockapple-2526
1354,RealFake-21704
1355,PeptoBismol-11500
1356,caspere-21171
1357,Juggurt-2562
1358,Hoseok-11365
1359,Harley-2905
1360,TyTy008-1219
1361,Vito-11114
1362,Larienne-11967
1363,Alice-33463
1364,Zhou-11363
1365,BIOLOGYMAN-1868
1366,Fields-11600
1367,redditlucio-4934
1368,Sillyboy1611-1863
1369,Crazyjimmy-1443
1370,Shannanigans-1618
1371,LittlePoppa-11623
1372,Platypus-11998
1373,TahuTempe-11730
1374,hardeaux-1663
1375,revrad2016-1554
1376,Dictatosarus-2821
1377,AtomicSquid-1166
1378,류승룡기모찌-31251
1379,invicid-11349
1380,Adarys-2546
1381,Tensa-11698
1382,JaimyS007-2592
1383,iamkj-1755
1384,Dixel-2162
1385,SailenRU-2343
1386,Market0Fish-1687
1387,HAD2DOIT2EM-2807
1388,Knipher-1416
1389,Smosasuk-2954
1390,Mapzilla-1539
1391,Square-21386
1392,SALTDUCKL1NG-1640
1393,Idontkno2h-1954
1394,Daggermouth-11392
1395,DinkDinkDink-11271
1396,iLoveKnives-11314
1397,patriick1505-2701
1398,Tr1Fee-2627
1399,SØcisse-1127
1400,edgewood-11560
1401,DaytimeOW-2623
1402,DabbedOn-1356
1403,CRanchJesus-1344
1404,kephrii-3754
1405,rice-12481
1406,Riz-21125
1407,sobble-11883
1408,Hazza-11854
1409,rawsaucey-1285
1410,Kristrom-2913
1411,rossi-11953
1412,Slingshot-31803
1413,Phase-11208
1414,Lagotic-11531
1415,dissention-1366
1416,firedemon-31416
1417,nwsf-11409
1418,Captain-13719
1419,HAKSAL-33346
1420,TacoLife-1514
1421,SOON-3395
1422,PrimeOtime-2351
1423,sithspear-2909
1424,Decobus-1314
1425,Grimwald-21833
1426,Soo-6722
1427,uGlc-2819
1428,Aftermath-6415
1429,Enuiix-1805
1430,Bronzo-11647
1431,Frizz-21592
1432,NightyNight-11765
1433,killarunaxx-2635
1434,Pashawn-1535
1435,PapaTrotsky-1597
1436,ThinMatt-1666
1437,Smiimi-2142
1438,Calsifer-11474
1439,Chubz-11118
1440,BeefRaven-1537
1441,Luciferrous-1888
1442,VTM-11393
1443,Bread-31154
1444,Cactus-12410
1445,Copy-21533
1446,Azrael-14718
1447,TǾM-21652
1448,WaiJon-2638
1449,misherop1-2484
1450,Watery-21258
1451,Honey-22690
1452,Rari458-2111
1453,Snozlar-1816
1454,CHE-21330
1455,roymz-2892
1456,Saebyeolbe-3200
1457,hoshimi-11424
1458,sHockWave-21321
1459,Lyssa-21113
1460,bogur-2537
1461,DarkFlame-22861
1462,Wepth-1427
1463,DNIWE-21251
1464,SnowDown-11438
1465,Cupcake-12706
1466,Shammy-11373
1467,Bandiit-1186
1468,Kosi-11983
1469,Astro-21476
1470,Ineedhealing-1438
1471,Flamenzo-2642
1472,Splinterbom-2550
1473,Purple-11733
1474,RallyToMe-2267
1475,UHH-11690
1476,BowDude-11365
1477,Jab-1496
1478,Waqqi-2241
1479,Khegasi-2366
1480,Dragasath-2313
1481,TARO-21647
1482,PEPEGAAAA-2479
1483,Lefaa-11631
1484,skye-12360
1485,EndGame-1202
1486,iM7-21560
1487,HalCapone-2948
1488,Lutuleilei-2803
1489,GuN-1336
1490,Vexonus-1682
1491,gummiCOLEMAN-2340
1492,MercyMain-2273
1493,MxB-21915
1494,Valentine-12938
1495,Kyb-2373
1496,Marron-21590
1497,ProGitv-2639
1498,Don-12598
1499,DoctorPotato-21459
1500,spaceR-21418
1501,RoboCat-11164
1502,Agandya-2703
1503,KaTeKoMi-2973
1504,sh0ckwave-11172
1505,Firren-21900
1506,SilentSoul-21702
1507,Neksul-1911
1508,HiImSky-11299
1509,SamTS-11185
1510,Whale-11888
1511,Nekuraholic-1840
1512,Chubz-2614
1513,Naahmie-1290
1514,Afro-12419
1515,BibimbapBoi7-1866
1516,Zanacion-2977
1517,scorer5-21277
1518,switch-22464
1519,taint-2831
1520,HUNTER-27205
1521,Dire-21140
1522,Pepe-12270
1523,Dunmuir-1787
1524,แปดแสนเค-1375
1525,Noomi-2410
1526,Insane-1239
1527,DEfault-11493
1528,Devix-22243
1529,PoPiFresH-21369
1530,Gamesley-2681
1531,Togs-21575
1532,Toasty7562-1569
1533,GCBakuro-1723
1534,Xhaden-1299
1535,flyingsparky-1564
1536,logtron-1868
1537,ArtThouMoist-2805
1538,PikaLink-21663
1539,Costba-2832
1540,wildesLunov-2620
1541,Algengrütze-2815
1542,Olsomm-2735
1543,Sqeezy-21591
1544,CiccioPanza4-2631
1545,LexOfRivia-1122
1546,mocchi-11482
1547,Skinnee-2889
1548,HoldTheDoor-1734
1549,Boothead-11355
1550,LUCY-31509
1551,Scarlet-11507
1552,FluffyPanda-11532
1553,Balthazar-2479
1554,TheWarLoad-2111
1555,Koyomi-11657
1556,FunnyBunny-11402
1557,KasualVince-1623
1558,Klefty-1734
1559,cReaper-21951
1560,Slater-21715
1561,Zillamanz-1454
1562,Magnus-12944
1563,OogaChakka-1858
1564,Lucio-13446
1565,Carles458-2275
1566,Player-134954
1567,Burritogod-1155
1568,Icepriest-2647
1569,Sawndez-1437
1570,Szaman-21396
1571,weeaboo69420-1190
1572,Valkalon-2700
1573,Lucio-12221
1574,Legend-32947
1575,Miyuki-11977
1576,FluffiFoxi-1697
1577,eiriksmh-2100
1578,CJX-12642
1579,honey-12548
1580,TheMimics-1476
1581,S2K-11692
1582,SneezyDwarf-3525
1583,Juuliscool-1172
1584,Gove-11348
1585,minos-2264
1586,Lugli-1584
1587,Finsheur-2608
1588,Superson-1151
1589,DizzyDancer-2280
1590,NeverØLucky-2348
1591,Heaksoo-2514
1592,KUNI-11272
1593,Leo-110699
1594,Midori-21147
1595,GrizzlyBomb-1701
1596,SmoothCat-11816
1597,MrSaltMaster-1216
1598,uvi-1291
1599,BennyLiquid-1721
1600,TICTACTACOS-1731
1601,VampireJesus-11104
1602,OldLady-21327
1603,DeafSmurf-2907
1604,SN1PZG0D-2657
1605,WolfEclips06-1943
1606,FalgrickVI-2156
1607,Benji-12106
1608,Brophey-11555
1609,Legend-32232
1610,AnnaLytic-1268
1611,Jopperdepopp-2796
1612,SillySausage-21704
1613,Dabear15-1896
1614,RickySpanish-21489
1615,Brenon-11919
1616,THCCHAN-1532
1617,Carbon60-11209
1618,Rykos-21709
1619,Nutpie-2666
1620,APlusSpellar-1723
1621,StellarBee-1392
1622,PixelLogic-1533
1623,RescueToast-11140
1624,MAVERICK-14200
1625,HappyRogue-16896
1626,Kiezmor-2268
1627,PUSH-31360
1628,YuvalAquA-2507
1629,Merlin-2745
1630,Alpha2Omega-11700
1631,Kyfra-1768
1632,LOBBER-11224
1633,Frisk-31639
1634,Maple-21960
1635,PKBlizzard-21364
1636,Daaxyy-1605
